id,route_id,distance_value,polyline_points,created_at,updated_at
998,2,89,"ejerEku_wXh@dAXv@Rd@","2022-04-11 02:21:58","2022-04-11 02:21:58"
999,2,98,"mgerEgp_wXd@u@JODGFIHGLKJEDADAVG","2022-04-11 02:21:58","2022-04-11 02:21:58"
1000,2,1368,"ecerEet_wX@o@@KBIFMNYBEj@aALS`@s@FIZe@@CBCNOHMx@aANOJMJK@?PSTUFGDEV[HIHILMHGHEZQVKh@O`@MDCnBm@v@Wt@W\KdA_@PGZIv@W|@YbA]RIl@W\S`@WRMZW`@Yb@_@r@g@XSBE|@m@l@c@l@c@RKZQ^Ud@YHGFEVOZSDGHGLOHKLQP[V_@JMNQ@ALMZ[FUFODKDI","2022-04-11 02:21:58","2022-04-11 02:21:58"
1001,2,940,"eecrE}fawXlAeAFEh@e@`@YDE\YBANONMPUd@q@^i@Xi@@CDKDGBGPa@Vm@FSJ[DSBK@I?E?M@O@MBOB[@O@K?OASAOAMCOI[Os@I]Mm@EQAKCO@S?K@MBOBMBMBKDI?ADIDENQRSHIHEFEHCHCLAj@I^CVGd@Mj@Yf@UDCdAi@~@g@j@WHEFA","2022-04-11 02:21:58","2022-04-11 02:21:58"
1002,2,868,"ugbrEwqbwX@AFAFCPALA^@hA@dECz@A~BCp@Cp@AhAEx@G`AK\ELATCHAD?NCj@Ep@GNC`AI|@GpAKTCLAFCVERCTG\G^MLEZMFCDADAD?D?D?F@H@PB","2022-04-11 02:22:29","2022-04-11 02:22:29"
1003,2,30527,"kw`rEqwbwXNQRUb@_@VKr@[FCHCjAa@JERGt@U\K`@KTEPENCTCj@GTAd@Cj@?b@@Z@R@VBPBl@JJBB?l@Nj@P`A`@j@Zx@f@^R\Xt@h@NJjBtAr@h@lA`ApAnAbE|DxBjBfDhCjBvAz@n@RP\XZXhEhDx@l@@@ZTt@j@l@d@~@x@b@^b@d@LJDD|A~Av@t@fA`ABBXTjBbBJH\ZNPVV`A~@`A~@LLPPr@r@d@d@d@h@d@f@@Br@t@b@f@RRTTv@x@j@h@p@r@JJFFPPRRNPTTXZBBX\n@r@DDZ\b@f@LLJPDDTXh@n@LLvAbBFFZb@h@n@\d@RXT`@V^NXNTHRFJFNJVDHJXHTFRHVJ\HXBJH\BHFXRz@Jd@Hd@PbAJj@F`@NdANdAF\Lr@Ln@Jd@Nn@DNNl@DRJXJ^Ld@FLDP^fADRHPFPBDDLN^NVNVFJJLDFJJVXHHLJNL\VRNh@b@l@b@JJt@j@r@l@DB\XLJTTHHFFRTBBHHHJFJHJLPR\NPb@l@PTdAfATTvAjAz@p@\XVRt@h@v@f@p@b@d@Xl@\HFLFLHNHLFFBDBLFPFVJ^Jb@JLBPB\HVBNBfAPjANb@HD?F@JBRFTDD@b@JZF\JVF\JRFTHTHTHJFj@TdAf@NFd@Tf@RRJf@Rh@Rl@RNDB@PFVFTF\HVDd@Jf@Hb@Hd@Hn@LNBpB^L@`APz@Lh@JhARZF`@H`@F`@Hl@JD@@?ZF`@Hh@Jb@Hn@JB@D@\D@?d@JRB\D^DZDVBX@\BZ@J@V?N?P@\?X?R?RAH?F?JAVAPCD?PAZCPCPALCRCTC^CJATC`@Cf@EVAf@CN?HAP?Z?XAh@@x@@d@@V@ZBR@|ALF?rBNdBLtCTF?n@D\D|AJZBlAHJ@vBPjAHR@TBpANt@LrAXx@Vb@NJDJBVHTHTJl@Tl@T\N\Lp@Xb@Pb@Pd@P@?ZLZLXLNFTFv@Z^NZLDBn@Tr@X|Bz@FBl@TTH@@RFTFNDNDH@F@TDPDdAJj@BdABf@@bAFP@ZD`@FPBRFLDZJVHTHXLZRz@d@FFPJLLLJPPPNRRRVJH|AbBpAtAh@l@^`@DFTRl@p@jBpBX\XXv@z@\^^b@DDp@v@b@h@\`@LLRTBDDDBDBBHJv@~@`@d@f@h@NLDDPNVPFDFDLHHFJDRJZLNHTJh@Tt@Zr@XPHDBx@\d@RPH^Np@X`A`@FBFBRFJDFBHBPFTF`@Hd@HF@PBRBLB\BB@H?bADXBZB^@H@N@J?h@DZB^DN@ZDl@Hd@J^HB?\HD@nAXRDHBtAXH@TFJBHBVH`@NTHPHLDHDTL@?JFNH@@LHLHNJXTRPHHVTRRLLb@b@HJPRTV@BNTJNHLFJHNJRJVFLN^FL@BBFBFDFDJFJFHDFBDBDBB@BBDDDDFFFFFHHz@v@\XfA`ARPPPPP^\PPPPPN^b@JJLNJLLPDHDFHPFLDLJVHZBJBHDT@DDTDXJl@H\BNDTJd@Nj@BFLb@FTFNFPb@vAb@tAt@~BDNNd@DNDLDHDHDJBDBDLRDFBB@BDFFFDDDF\b@Z\JL\f@TZ@@TZFLFFDHBHFLHRJR^fA`@lAh@`Bh@xALb@L^\bAHVVz@FTH\?BFZDR@B@J@H@BBNFh@TnBDRFf@F^BNBPDNBLDHBHDFDLDFDFBFBBHLBBBDXZLJHHFFHHj@j@h@f@VTZZVTNLPNRPTPd@\XR@@XR@@RJ\TLFVPXNbAh@j@Xn@ZXPXLn@\@?r@^^RNHRLLJHDDDDBJJLHHHFDJJFFDDDDDDBBJJDFJJHJJNLNHLDFd@r@JLNTZb@BDFHBBLNFDBBBDB@BBBBD@B@BBB@B@B@B@B@B?@@D@HBPD\HPDPBLDLBLDPDHDFBDBD@@@HDDDFDFDDDDDDB?@DDDDHJPZDHBBHPJPLTr@rALR@BJNHLLNDFRT\\TNZVbAv@VRRPRNTR^X|@p@HH\VHFPJLHFDFDJF@@PJLFNHLFVHLDPFzBh@z@RXHdAV`@Jf@LF@\JNFLFLHHDJFPNRP^^\\PPLLHFFFB@HFLHLFHBD@h@Rt@Rb@HPDF@B@JDFBD@BBB@PJBBB@BB@@FFJJFFRTHHFFLNBBX\LNJLJJTZ@?JLLJVVJJLLJJHFLLRRFDBDHF@BDBFFJHHHJHJFRPVPHHTLb@Z^RJHp@b@NHFDJFNHPJPL\VJHLHl@d@\VPLDFTPDDVRHHLJBBLJNL@@JFDDFDTPLJf@^BBXTZVPNDDRVBDDFBBDFBFBF@@DHBFDH@D@@@FBHBJBHBHBLBPHb@DZF^DTDVDVBLBH@FBF@D@FBFDLFRJXFPDFHRh@pAf@hAjArC\r@JT`@dA\v@Xp@BHBFJR\x@@DBD?@JTBD@DBDJRLVR^HNJNDHDHHJFHTXNRtArA?@tAnAFDFDJDBBZPTNHDb@R`@TD@^Rj@ZNHpAr@ZPfB~@ZNTLdB|@NHPJl@ZpAr@ZPDBB@^RRLl@^HFh@Zf@^b@\DDLHHFPPHF\ZVVRTBBBBVXT\HHFHLRJNPVHPPVJRP\FLBDBFFLJVLV?@JZL\HTL\@DBHBLNj@BJBFFV\~A@B`@vBn@fDd@|B@H@Ff@hC@F\fBBF@Hj@rC\bB?BXpADXJ^Jb@JZRl@@Db@|@^l@HJLN\`@p@j@VNVN`@Rb@Rp@VPHFBhAb@zAh@VLPFFDB@@@LDVPTNVRJJVVLNFFV\HJHLPXd@t@RZd@r@DFj@z@NRHLFFDHLPHJ?@JHVVNNNNLHTPBBLFJHZPl@THDJBJDD@D@RDTFx@Nb@Hx@LH@tB^`BVJBd@FTDJB|@XZNXNDBLHf@^fAx@XTnA`A@@PNB@^ZhA|@PLrAdAv@j@z@p@`BnAbCfBFDpA`A\VHD`@ZJHr@h@\XJHBBLJPN@@lAhATRLJhAfAf@b@NNd@`@n@p@RRv@t@jAlAp@p@VT`@Z`@XNLn@`@n@d@@@VN`BjAHFdAt@\TFD~@n@@@LFf@\HFv@j@d@^ZRXTB@JHPJHDJHFBDB@@B?FBPHLBPBPBF?D@V?P@P?d@BD?H?J@D?TDLDLDHBJDJDHDJHB@DDRPd@f@n@r@PRTVTTPR\^LLDBFHJJX^x@|@\\BBTRJL`@b@PP^\d@`@VXLJHFLJ^\DB^X?@ZVDD^Zn@f@XVHDp@j@j@d@l@f@XVNLDDTR^Xj@f@nB`BZXPNbBvAhA`AbAz@v@n@NNDBFDDBHBHDLD@?JBLBN@L@J?L?DADAH?FCFATGJGZMTGRGLCFCH?HAJAJ?N?N@N@NBLBLDLDNFFDB@FDJFLJRP^^NNXZ?@VVb@f@l@r@~AfB`@^XXHFFDNNNJLHn@\BBRJRHj@T\JRDHBFB~@NNBdBZt@HVDTDJ@b@Bv@Dn@Bp@BV?H?H?b@Aj@Ax@C~@Cz@Cv@Cj@EvBMJ?x@Ef@CH?^CP?HALANCJAFADAHAFEd@KRGh@SRKTKNKHGLIFEJILKJMHGJMNODGFG\]r@u@BCDENODEBGFGDGBCBCHKPWXe@FKDGl@cANUJKPQHIHGBCZQNIVKb@MZITGNENCNCJATAX@L@J@JBRFLBp@Vl@Vx@b@XJn@VRDXFVF`APn@Hb@JZHn@PXJTFv@VB@XHVHJBPDF@F@FBF@F@L@F@RBv@Fn@DXBJBL@RFRFRHPHTJ\T^XTNVPDB\T|@j@fAp@XPXPJFHDJDf@RPHPF^Jp@PdAVD@bB^bAN@@\DPBP@L@L@L@T@\@vABD?v@?z@@V?VAPCLAJCNE\IVGJCXI^OVIPGLEFAJCHALANAPAN?V@l@Dn@Dh@FTBZD\DFBRDb@NJBd@NNFVH`@H\FN@NBpALH@T@XBl@FF?f@Fb@BD@P@J@XBB?H@L@X@^@J?JAN?JA@?LAF?FANCNCLCJC\IFA`@KJAf@MB?REXG\GNCj@IHAf@Id@Ip@I`@EfAOjAOlAO~@M|@KJCNAHAv@Kr@KhAMRCZE\ENCJAXEZE^E`@GfAMBAnAK@?`@Ed@EJAXAPATALATCLAtAORCF?ZCF?L?D?H@L@PBJBLD^JXJ`@JNDJ@VDTB@?R@N@L?J?XAPAb@CRAh@EPCZC|@GH?tAKRAVA`@EHAb@GXGJCHAJEp@Sb@Mf@Oj@URGLGHCHGNKFEDEHILKBCb@g@f@m@PSHIJIPKFCFEHCHEJCJCFAL?HAJAH@T@N@HBVFPFJFJFRP\ZNLRRLJFFJFFDLDLBLBF@N@L?N?ZEj@I^GNCjAQj@Kb@G^GFAt@KVE|@OZGFAZEBA`@Ev@IZE\ETE@?PEp@MRERCLALAHAVAPAV?RAt@@^@\@XBJ@L@LBLDLDLDPJFDDDLLHLFHDJFLDJDPDPDf@Fh@BX@NDPBJBHDLDH?@BDHLFJLLHHHFFDFDJDFBH@HBD?TB^Dx@HhAL`@DZD\D\HXF@?NBJ@P@J@L?LAf@CNCPCREZGd@MRGNEFAh@KZIXILEVGZKRGXIPGl@M\GLCRCP?D?H?N@N@NDTFPFVLNHZRb@ZLFFBHBHBJ@VDf@D`@BP@P@V?p@BH?F@V@T?F?DAJADAD?BAPGFCXMHCLELEPCDAFARC^E^CXCLAH?@?F?F?F?L@J@HBF@FBDBB@DBDBFDDBDDFFHHFJDDBBFJVZDFFFDBBBDBFDJD\N^PVJVJd@PTHB@PFPFD@B@D@BBB@BBBBDDDFBDBFBFFNJVFPDJDHBBBDBDHFFBDBDBPFF@n@N`@HDBZBB?L@H@F?B?R?LAR?J?RANADAdAEdAE","2022-04-11 02:22:29","2022-04-11 02:22:29"
1004,2,363,"_ktpEwiivX?U?I@I@MBIBGDIDILMVULMFERQHGx@o@LIROROVQXSPM^Wl@a@FEFCLIPKh@WBCJEPIHE","2022-04-11 02:22:53","2022-04-11 02:22:53"
1005,2,503,"e{spEaxivXf@Un@Yh@WBAf@Ub@U`@QHEJGPIXMRIXKRIXI\Kl@MJCr@OZIJCdAW\ORI^Y@?LKLMVW`@c@","2022-04-11 02:22:53","2022-04-11 02:22:53"
1006,2,10280,"oaspEwejvXbAcAVW@AHIb@c@NSHKRSZ[PSFGJKRUPODEPQPSHGFI^_@PQNONOJKLM@ATULMRUFGRSFITUVYRURSNOLORSJMFG@CPO`@c@JMFG\a@BCRUDMDQ@KDQDMBIHKFKJMPUNUDEDGJMNSPU?APWFKHM?ADIBG@EDMDSDS@O@E?G@K?C@YB_@?ABe@Bk@@Y?O?I?MAS?G?QAS?IAQAUAKCMAMACAGE]Kk@Ik@Km@G_@CQEOCKAAGUMa@K[IYEOESAIAECUOaAKk@Iq@Ga@Ea@CW?S?O@UDo@De@BY@YBUDg@@SBSBSBMBUDSD[FUDQFQHODKFIHGFGJGLGZKf@MVKVMJIFERWJOJMLSPWPUJKHGPQPM@A@?PK^QNIPIb@Sd@W\Qr@a@NIXK^KHAJ?H?J?N?R@T?P@P?H?F@D?FADAJCHCBA@A@?F?D?D@B?DBJDJFNHHFNFHBFBD?D@H@L?L?H?DBD@DDFDBBBD?@BB@BBFBH@@BJDH?@BFBFDFHHLJXTNLFDFDHDDBJDB@D@DBH@JBB@FBb@Jf@Jl@NNDl@NF@B?d@L@?JBRDXHRDZH\FB@@?HBN@VB@@L@JB@@J@ZHXFRDJBd@HH@XFB@B?HBVDTBB?H@L?F?F?RAH?^AT?VAJ?d@Cf@EPABAPCXEd@Ih@Mh@MLEDATETG@ANEZKPGDC\MXMHEl@WXOXKXOPILIHGFGBARUPQPQNONO@AJKLMLOZ[TSXYDEFGXWXYPOPQNODGPORSBAFGLM\]DCRQPS@?FILMHIFKDGDIFIJSLWJWL[LYHS@CHS@ADEZ_@bAgAPOJKBC\YJIDCLKJKNKTOLIHEJCBA@?JA@APA@?L?DATA`@A^CLAlBMXCJAb@C\AP?N?NBJ@PBD@NDRDPDLBL@PBXBX@H?J@JANA`@CJAH?HALAh@Eb@CTALAB?j@ENARCNARCLAJAFAHAFAFAFADAHAHCDADAFCBABADCLGPIVKFELGDCJEDADAFABAJCJAJCJAZEh@IXEJAZGNAZGNCPCLCJAPEHAPENENCLCNEPEPCLCPEZGNELCLCPENCHCNEFADCFCDABADCDCHGHGPMXUnAcA`A{@\]b@g@TSPSVY~@cARUv@y@dAkAvA{A~AcBNQ~DkF|@kA~@oADELQl@{@RYPWBEJMXc@Zc@n@}@p@_A|@oAl@}@Zc@HMXa@\y@Pa@Vs@xAuDl@_BFOVo@L[FOJYH]DMNs@Lm@@QBa@@a@@]?U?[?SAcA?O?O@O@YBQ@I@OD[Ha@DOFYDQLa@FSd@oAVq@JWFQJUTe@f@sAVk@LUb@u@NY@ADGHGDEDAFGr@u@XWPOf@i@HKX[^e@LOHIRW`@m@~@}A^o@b@s@`@s@r@wAFQLWTa@^{@P]\u@N[HQDI\s@h@gAN]h@oAHQHUFQJUNk@JYJWDIDIDEBEBCHIFEHEFELGREJE`@IXG`@IDAv@Sd@MTGHC\I\Kf@OJCFCTGBA`@M`@MLERGRILE^O^M@?~@]TIHCXKHCFCNEHAJCFABAFANCVETCb@Ef@ENA\ETCHAHCDAHCPIJEJI@?NKNKRKVQHGz@k@^UHE^O^O@?NEFANGtBq@v@WLCdA_@TG^MFC|@Yb@ITI@?XGDAVEDAFCZKLETIVIB?PCJAF@H?H@LBPLLH^b@f@l@RVjAKFATCf@G@?`@GTCL?@?L@H?HBHBD@@@DBHBLH`@XTLZLD@PDD@b@FZDJBB?B?D?J?L?TAJ?B?LAHC@?JE\QDAFAL?T?P@J?V?H?B?BADAXGb@I\IPEHAJ?@?J?d@C\?f@AlAGXAB?VCH?FAHALCFADCFE@AHEPKDEFEFAHCFCHAHAF?L@VB@?VDJB@?LBF@B?B?DAB?DCDCDANGRGBAd@ILAF?F?B@H@b@TB@BBD@D@F?@?H?LCF?HCFCPGNGJE@AXOJGFGDGDEBEDEBABCDADCFA@?F?LA","2022-04-11 02:22:53","2022-04-11 02:22:53"
1007,2,57,"uuepEeatvXB_A?E@C?C@A@ABAZB","2022-04-11 02:22:53","2022-04-11 02:22:53"
1008,2,53,"ktepEuctvXL@L@@@@BBDFJ@D@D@D@@?Z","2022-04-11 02:23:18","2022-04-11 02:23:18"
1009,2,24010,"wrepEiatvXB?LATAP?H?BAB?DADCHERMBC\UNKJGBA@A@?BATC`AGt@G`@E`@EJAf@?\@L@D?D@B?D@B?B@D@B@HDFDJHHFHHJJZZHHJJFDNLDDFDPN@@TLDBLHPJ@BVPRPPPJJ@@DDLJHDDBDBDBXPFDDBJJHJDFBHBH?H@J?J@H?@?N?P@R?N@JBHBTDZ@L?H?D?B?H?PATC^?@?Z?D?L?F@J@J@L@HBPVpBFb@@H@R@T@`@?Z?B@V?D@LB\?DDl@HhA?LBL?F@B?DBDBHFP@@FVBTFZDX@HBJBHBDBFB@@@B@B@B@B?B?@?@AFEBG@I?A?G?I?WAi@?OAO?KAa@?C?S?Q?E?Y@G?K@EBG@ADEBELIBABCFCHEDAFAFCDADAFAHAF?F?H?F@B@B?@@B@FFHFNN?@JJBD@B@@@F@F@D@B?B?B?@?B@B?B@B@B@DFLLRHPFNDT@H@B?B@D?@?BADABGPEHGPIPCJGRAFAB?FAH?H?F?D?D?D@D@T@RDj@@V@P?NAB?REj@AP?HC^?DAF?D?D?D@F?D?DBJ@F@F@BDNHRBH@@@FPb@Vv@DJJXDJ?B@D@D?D@@?H?BADADCDA@KNOVA@KPEFEFEHCFINAB?@AB?@AB?B?@?@?@?@@D@B@FBB@@@@BB@@FBDBHFLHNFDBFBJH@BJLB@@BBD@FBJ@FBDBF@BBB@D@@@@@@@@B?NBLBD?D@HALCB?TEBABABCDEHMDG@AFGBEFEPEv@YFCf@OLCF?HAH?F@F@@@FBHJFFDHLR@BFPBL?F@DAJAJEJGVENIXIXERGZ?N@D?B?J@LBLDLHRFJL\BH@H?H?D?DAFADCFEFA?KL[VIFIFGDGBE@G?C?E?GAA?GCGAIEE?C?E@C@EDCFADAH?NAJ?DADADADABEFIHIJIHEFIFGJCLAH?J?D@H@NBHBFFFFDFBHB`@LHBRBD?J@PB^DPBHBHDBDDFBD@D@F?FBV@N?J?JCHAFCDGHQLe@ZQLC@SLQJSN_@TA@WNCBQLGF?@CBADABADCH?FAB?HCHAFCFEFADKPORORW`@KPa@l@MTELA?ADAD?F@B?@BFHJTRNLLHRLB@D@@?B?HATKf@Wt@a@XODC@?DAB?B?@?BBDDB@VV@@b@d@DFVVLLDDJFLHDDFD?@DBBFBF@F@F?D?B?FAHCLCHCPEJEJCHOZCDEFCFGJADA@?@?BAB?B?@AB@H?D@HBJDJBBBDDDFB@?B@B?F?HCFE@?\YNIJINGJE^MVE\IDANCJAF?@?D@BBHF?@FFBD@B@FBD?F?B?J?D?F@\@D@F@H@HBH@@BHFHHFDBB@@?@?@AB?TOVQJG^WVSDCDABAH?@?H?L?L@H?N?B?RAF@FBDBFFBBTX`@b@Z\NP@D@DBF?HBN@P?@BRDTFRDNFRHPDHNVPZl@~@P\b@n@f@n@DHHNFLDJDJBR?Z?H@D?B@B@FFNHPFNDLBL?J?F@BAJ?P@J?BBH@BHRN`@@BDPFXBL@L?J@P?BCVALBN@HDN?F?D@DAJAHCHCHEHABGDEDQLEDA?ADCDCFCDAJ?@?JAF?JAB?DCBCDOF_@LYHUFCBSHIHA?URIJCBADAD?D?B@DBHBFDDB@B@@@H@@?b@@d@@LDD@JBDBFD@?JHPLRRFDTTBFNPDH@DBDJVFPHRBFBDBF@F@F@D?L@@?P@HBH@@BDJLFH@?@D@H@B?D?D?@AFELK\AHCJAHCP?N?B@B?B@B@BBBDBD@PDD@FBBBBBDFFJBFDP@F@F?J?DAFADCBABA@GDQHA@EBEBCBCDADADA@?BAHAD?J@JBLBLBFJZ@F@JBJ@LAHANERAFGRGTAFAD?F?B?D@B@FFNf@t@DFFDHFD@F@L@VBH?D?BABABABADEBEBEBE@E@E@G@K?K?C?ICMAGCIGIIM_@g@KQGMEIAGCQIc@AG?G?G?E?E@E@EBC@CBABCFCJAFALAPCDADABA@AFGBEBGDI@K@I?EBc@Ba@?M@OAOAG?ACKIUEGCE[YSQCECCCC?CAC?E@A?C@C@ABCBED?BAB?B@DBRNFDBDDFDFDLPh@HVBD@DFZBL@H@J@H?H?X@?AV?P?JAp@AP?F?@?F@D@HHT@DLZZv@JNJJHHJFRJJH\PTN^VDBDBBBB?B@D?B?BADC@CBE@E?C@C?AAA?C?AAAACAACCCCCAC?A?CAA?C?CAA?CAAAAAAACAKUOYAAGKEEIK[[IIWYUWKOACACAC?C?C@C?C?C@CBCDEBA@A@?@?@?@@@?@@B@BBBFFLBFBDFFDDDBDBFDPDLDJBDBLDr@VHDRHD@@@BBD@@@BBVRHDBBB@B?F@D?D@rA?B?DADADABABCNO?ANOHKFI@CBEBIH[BC@A@ABCBAB?BAB?B@@?B@@@BB@B@B?@?B?B?B?@?BABABCDCBMNMNABA@IZKZETAD?B?B@B?B@B@BBD@@BB@?@@@?@?B?BA@?BA@C@??A@A@A@C?C?G?_@?A?C@C@EBCBEBA@ANGDADAD?B?B?B?@?B@D@B@BBHFl@n@JLJNJNDNDLBJ@BBLBN?F?B@P@R@X@P?T@T?D?JAZA`@Ab@AL?PAR?`@?L?P@V?R@T@R@N@H?DDd@BVVnCFj@Df@@BJlAFp@JfA@JHz@N`BBJDj@Dd@@BFr@D`@BZBLDh@@FDb@BX@F@F@FDZDXDLDRHXFZDJLh@XnAT`AVhAFTTbAL`@HXFRBHDJHV@@DNBJBFBH@HBJBJHd@Lt@Pz@Pr@Np@Nh@DPDLBHDJDPBJDJDZJn@BRBRBVDPLxAD`@Hp@?@Bj@FzA@R@P?HD\BL@BBH@FBBHRZn@~@`Bh@dAP`@Zr@Pb@^x@n@tA?@h@lAb@bATj@N\LXBH^|@FJRb@JTFL@@HNNPPRBDLL\`@HHPTLNV^PXPVz@rAVb@PVZh@Xh@JPDHDDHN^h@DFBBN\Rd@FRNd@@D`@bADHLZRb@BFNZN\Vh@JRZr@HPTb@Xj@HLf@pAFLHRJVXfA@DJ`@Rz@FRNf@Pb@BDP\T`@DJLVRb@DHNX`@x@FJN^@BBFDRDTBRBb@HlABZDT@JBHBHDLXz@`@~@`@~@\bAPp@HVF\HZ@DDPJXHVDLNXTb@Vf@DJJV?@HRH\HZDLNl@FRFZBLXnA?@H`@@@H`@FVF\NjA@DZtCPjABRBHDTBHJb@?BNf@FPFRHXNd@DLPd@b@hA@?DNHT@F@HBP@ND`@@P@JBR?JLh@BJNl@Fb@N|@?BJn@DXBHDZBNBL@L@LBX?JBVBZBTDf@BV@N@JBP@JF^Lr@DRDRHh@BHJr@FRBLDPBFBH^`A?@Zt@FPBHHX@BBNBX@NL~AFn@Jp@DPBFL\?@Pb@FLHTPd@DJJXPd@@BN`@Pb@BFL\Rh@N`@JVDLJRP\LR`@r@`@n@NVFJLTDHHPHPRb@JPFPHPHR@BHXPn@BLHXDLFPBD@FR`@NX\l@Vd@LVHLDR@BLf@T~@l@fCFT`@bBLd@FRTz@BJJd@D\?@Dj@Bh@FtA?@Dh@Bj@@J@V@DD\@JBNDPLn@DTDRj@`CH\XpALf@Px@Jb@f@~BNz@Pv@d@vBRbALj@h@vBRv@T~@T`ALf@Nn@f@pBLf@Lf@Lf@Jb@@BZnA@DJ`@DTDPHZBJH\BJFRLh@DP@DFTDNFRDL?BFLFLNZTd@DHR^@@j@dAT`@JPP^NTJPFL@BLRDHJRHLBFHNFNDJBJBJ?@DLDRBNBJBJDPHNBFHPn@jAP\`@p@HPTb@HNLX\x@BH^hA?@Pd@Nf@Pd@Xr@Zz@HXDJb@jAFLJVd@hABHLXLTFJT`@V`@DFd@z@NVZn@R`@JVFJRb@`@x@FLJRDNJ\Np@Lf@FVRv@Lf@Lf@HVBNZnALh@Lf@FXZnABLNf@DLHJDFDHRVVXnAxAX\TV\`@JLRZT^Xn@\v@DHJXRb@BFN\BDLV@BJPHNDFRVr@bAVXBDJJFHFD@BLJJF`@P^P`@XTRNLLJRNVRRNXT@@^ZXXHHJLFJHJLR@BNTR^LTJNJPLPJLNNHHBBPNLJLHLFJFJDHDPFPHJDJF@?JHNJNLNNLHLLJHNNNNNLJJDBBBHFFDFBFBDBFBJBJ@PD\FXF\FJBPDNDNHNJJDFFNJJLHHFJFLFJFPFPHTFRFPHTHPHNHNJRpAjBj@|@\f@LPX`@T\V`@@B`@j@d@n@j@r@f@j@^`@\ZHFBDRP\\VRRPPN@BRTX`@JRNVRh@Pf@N^P\@@LVDJNTPZHPLRd@v@PVT`@BB\n@\n@TXDFFJNRLRb@h@PRFJJL^b@`@d@TRNLRLHD`@RFDRJB@\P@@LFPH^RPLRPHHHLLRLRHRFLFRDRHZF\Nt@Jb@H`@@D\lAJ^Pf@BDHTVj@BFHPZv@NZTl@P^\`AVr@JVVr@Nd@Rl@L\Nf@Rn@h@jBBHVdANh@Rr@Rh@Rr@BJBTDX@b@@r@@l@BXBd@D\?@F\DPLn@XlAHZPv@R`ABFH^Jd@XdARr@DNHTLb@@BPd@DJHXHRn@xANZRb@BDDHLPLPTZRPTTNJl@f@XTBB~@t@hA|@b@^@@ZZFHPRT`@HPN`@Ld@BLLf@BTDX@THnBHxC@Z@DDr@Ft@D\Lt@F\Jd@VbAPp@HXTz@J`@BLFXBJD^D\@Z@X?F?b@A\Cn@E\G\I^GVKZq@nBw@~BOd@GTCTCTCZ?l@?B@XD`@BTDPBR@@R~@Nz@@@H^Ll@@JHb@Hb@DNJf@DXBFL~@@H@FBVDh@HvA@HDv@?RAHAPCNGRO^KXGTCN?P?RBb@BXBT?N?FA\Ih@ADIl@Gd@A?A^?HAB?P@LBf@Bb@@P?D@P?l@?P?h@ArA?BAtAAj@Cj@?FG`@K`@ADKVELINEJIJOREBKJEDEFCHITCHG\EX?@ELEJEFGDG@I?KAEAICMKIEYUKIMGIEGACAG?G@G@A@EBCBCFCFAF?F?H?DBFBF@Dp@t@NTHNDHNd@DVJf@BP@H@N?RAJELGJKFIHULWNOLKJMRGNGJETCRAV?TDt@@X@T@j@@P@VBTBR@D?BBFDNDLP`@JXBLBJ@HBL@N?J?PALALAJ?@AHCLETETENAFGXCNENM\MZCDOPUVCBW\EDABEFGNCH?BAB?BAD?F?B?HBPBHFJFHDBB@BBD@BBD@N?PC^CB?D?B@B?@@PHDDDHBJBNBN@H@LBL@BBNHVTj@BFBFDNBL@F?J@NAP?FAFGb@CXAT?T@RFTJXNTBDLV@DBLDN?H@NAH?J?DCXGf@CV?V@LBLBLDJ?@DHHLFFFFPP@?JNFJFR@B?JAH?@AHCFCFCHA@GFOLCBk@ZMJ]TA@GDGDEDCDGJELCJAJ@J@JBDBFLZP`@P\BHDNH\DZFh@BP?J?JAFAFCPGLAFMTAFCH?@?BAF?F@HBV@P?@AXANCPAVGj@ARGj@Gj@Id@GRCLKXA@GNINGJINQTMLIF","2022-04-11 02:23:18","2022-04-11 02:23:18"
1010,2,160,"m_woEgsouXJP`@XdAl@D@B@D?JBHB@?B?H@HBTDFHd@b@","2022-04-11 02:23:18","2022-04-11 02:23:18"
1011,2,1627,"uwvoEgnouXAL?N?J?@@H@FBFXn@BH@D@DBD?F?JAJCDKVKRIJEFEFEJGL?@CJAP?J?L@X?FBH@F@DDHDFDBD@D@F@HAFAFAHC|@WRGLED?D?B?B@BBBB@BBDDPDTDPH`@BF@F?D@FAPCTA^?V?H?DDPBPBTDR@FDXBF@DDLFP@@^~@NZHJ?@JFDBFBJ?HCZKTED?F?B?D@F@DBFDTTBBJLDH@BBD@H@J?JAV?XBTBTFPBHDHJJLLZR@@VRPRLLJRJVHX@@H`@BNBNBV?b@@tB?fA?V@TDh@HjABRBFDDDH@?DBHFJ@\AH?B?F@D@FDFFBDDFDRFXLr@Hh@BPBN?P?T@`@@R@D@JDHBFDFDFLJFDFDRNBBBDDHBH@F@F?HALANCVAZ?TDr@@\@J?B@FBNDJ@BFPJN?@FHLJNLDFBJBNAH?FABABABA?","2022-04-11 02:23:18","2022-04-11 02:23:18"
1012,2,2644,"quuoEyzluXC@IDIDOBKDk@Xo@h@YTABk@v@Wd@[^q@n@g@`@_AZYJ]HKDCBA@CBC@A@CBABA@AB?BABGb@On@Qh@Q\YVEDSNMJCBCBCDCFCDA@ABAFCN_@dBEXABADCDABCBCDCBEBCBCDABCBAB?DCPALAHADABCBEHIJADCDAD?DAD?F?D?B?DAB?DAB?BINCBA?ABA@A@C@A@A?SHULSPCDABCDABCDA@CBYRe@RYHEAK?OCOIOMACOOECCAAAC?C@I@G@GBEBIBID_BdAEDGHKRc@v@CFEHEPAHCFCTCJ?FARAJ?@?DAFAFCDGH?@QRIJGFENALGd@Gp@CX?N@LFTDNDHBDBBB@D@H@BBB@@@BBBHBLDd@B\F|@B`@?V?PAP?H?D@D?B@@@@B@@?LB@?H@T@ZFJBXFFDHD^\HLDLFP@DBVBb@AXGTG\@LDx@L|ABlACtACJADCHMXEPADG\CHAFGNGLCDO\?BK\Id@CX?N?J?H@\Df@?FADA@?@A@A@A@G@O@MAK?C?E?EBEBCBIFEFAFCFENEJEFGDIFULUJMDI@I@G?OEKEYU[OGAEAi@E{@DyAHwAD?@c@@_ABa@FmAZk@L_ALqANYD}AXSD","2022-04-11 02:23:46","2022-04-11 02:23:46"
1013,2,524,"y_xoE_tiuXSLOJ]V]VUVA@_@^e@d@A@KL[b@QXg@p@k@v@g@l@e@j@?@[`@MNMTMVMXKPEFOJk@e@_@a@KOKKMOMMGIKIMI","2022-04-11 02:23:46","2022-04-11 02:23:46"
1014,2,709,"muxoEafiuXgBxEGFEBOJWPGDGHCDU\[h@W`@Wb@[j@e@v@]j@_@p@QXCDOVINCDADGHCGO?O@S?MBA??@A?A@A@A@?B?@?B?@DPBP@L?JCNALADADA@EJKLY^MNGDEBC@C?m@Fw@JYBI@WDA@C?ABA@ABKREJEF","2022-04-11 02:23:46","2022-04-11 02:23:46"
1015,2,524,"eoyoEsfhuXMZEHMXQ\ADSb@MVA?IJIFGDC@IBIBQBY?k@?Q@E?C?AAA?CAEGOOKIGCEAEAq@SQEKCUGEASGMEe@MQGOEWKg@S[CQAMAQA_@IQGGEGEMIMKIKGKGGMK","2022-04-11 02:24:08","2022-04-11 02:24:08"
1016,2,789,"ohzoEshhuXOp@K`@GTGLQV_@f@e@b@i@f@[Va@Pm@TODeBj@aBf@g@PWHMFA?CBABCDCR?F?T@VARALCVIp@i@lDQpAIf@K|@ETCTCJCVQrAQnACP","2022-04-11 02:24:08","2022-04-11 02:24:08"
1017,2,334,"{_{oEaaguXPh@P\DFN^DLDNBHBFDXDTFRBNDRLfA@R?H?PC`@AD?VA`@?NAZ?N?VAPAPABM~@CP","2022-04-11 02:24:08","2022-04-11 02:24:08"
1018,2,2345,"a}zoEqkfuX?NJLPVRXHLZb@R^Xf@R`@J^T~@b@hBLTJN^h@PRJJJHJFXTLRNV\n@\p@`@v@FHRb@HN\v@@@H\Rp@Tz@ZbADVFXDVBP@z@@bA?lB@zA@h@@n@?h@@NAL?BAD?@ABCBGDSRc@`@IHMNABIPGN?@CPEPADCFELGJEBIFOLIF]ROFG@MBMDE@MBQJ_@TIBG@GAG?AAECEEEICG?C?E@G@GBO@CLa@@C?I@K?CAEEIGMKQAAGSGYAKCQ@I@C@ABAHGVKHEBCBC@ABE@E@C?I@I@EDKBGBGJYDM@E?C?CAGCGCCA?CCC?E?E@MDa@Na@R[VA?_@^ABCBA@CBABABAB?BA@?B@B?D@DFL@B?B@B?B?B?BAD?BAF?DCJKZEb@?@?P@J@JFt@@B?DAB?BCBADCDC@KHQJWNGB[LE?G@M?KAOEQGA?GAC?A?E?C@CBEDIPINCDGJEHGBE@E?G?EAECA?CCCEIQAGKWIMEGEEECGAA?A@C?C@GDKJEDa@b@A@E@G?A?C?ECAAAAEGCKASCW?MAS?CACACAEACCA?AAACAE?EAE@C@A@C@A@CFAHKh@Id@ETCFCBCDIDG@E?E?C?EAEAEAIKKMOKCAA?GAC?G?QBM?IAGCECGECCCGMa@EUEKAECCECCAE?E?C?EBCDEH","2022-04-11 02:24:08","2022-04-11 02:24:08"
1019,2,283,"er{oEcnduXCZCj@CXCLEJA@GFA?GBG@E?C?I?GAIASEOAM?K@OBYFIBE@G@E?GAECCCAACEGWCEI]CICGCMAE?K@ABQDU?K?KCKAA","2022-04-11 02:24:08","2022-04-11 02:24:08"
1020,2,2393,"yz{oE}oduX?CA?EGECCCAAC?CAEAa@?E?]?AAE?C?CAECAACCAA?CAC?C@M@G@KDQ@G@C?C?ECGAECGCEACCECEAE?EAE?A?C?C?A@C?C@ADI\e@FMDI@GBM?QASCMWi@MS?AGOCEAG?G?E@IBEFKLMTUPY@?HWDMLa@@EDMBO?QAOCIEQc@yAK[E_@AS?aA?e@C_@AGAGAIk@sBGSEKAESMEGIG]WEESOAECGAECGAEACISGIAAAAEAC?C?C?C@I@IDMDMLA?SHYB_BPc@DE?G@OFC@SJSJSFK@W?{@AK@A?K@MBG@QDODM@G?G?K?AAGA[KMCEAG?K?G?C@]FM@I@KAI?CAC?CAEAKGECGESKIICECCAGAC?CAM?AAC?CACACAEACAACCCCCAGCSKUKICCACAGCMCOEGCECAAEEAAACCGCIAI?C?C?E@I@IBGDS@I@G?G?K?CAECIAECCACCCECQKAAGCCCEGCEAE?AAEAG?I?KBa@Do@@ID]@I?G?M?CAIAGCECCCEEAGCGCUGKCEACCCACCEC?ACCGMGOIUGOGQESCSAYCQAg@?S@KAEAEACAACCIGKGQMSQIGIGUKWGIAICSISKYWOOGGQWOWEGM[EIIWGK?AACACCCCAAACAC?C?CAc@?IACACCCAACIIMWAEACCGACGGAAGCCAC?C?C?C?UDUAG?a@E_@ECAo@IWCKAMCC?CAAACACCECMQAEAECEAEAE?GAG?GAa@?O?UAWCOMk@?CAA?AAC?A?A?A@??A?A@CJM","2022-04-11 02:24:29","2022-04-11 02:24:29"
1021,2,3104,"aa~oEkjguX@Q?IDQBKJUBIVw@Le@BMF]H_@JWHONWJS@CJc@@CD_@@S@KDYLc@L]BM@C@E?E@G?EAE?EEMCICG?AEEWQKIQI_@SCAICq@UYKIGKG[][]GEGAE?G@E@IDEFMLKHMJOLCBCBEFEDMTCBC@C@C@A?C?A?EAAAAAAAAC?CAA?C?C?C?C@E@A@ABCLKRMPOHIBEBC@E@E@C?E@GCW?AEQCKAACIGKEEECICQC_@Ag@Aw@Cc@BG@KFGDMHODQBY?Y?E?A?A?C@A?A@A?IDaAf@G@E@C?GCYMOOKKEGAEAGAG@C?IBMDMVi@T[LO@AFIDGDKBI?EAE?CCCCEACAAEAI?IBEBY\ABGDONA@_@N]Pi@T[ZSXaApAY\ORg@`@a@\MNEHELAD?BAFAJANAPAJAJA@ABABEFGF[Z[XEDEFCBADA@AFADADCJAJARELCHENGLGHCBCDGFGBEDI@KByATq@JGBE@A@CBc@\SLC@C@C?C@C?E?C?E?CAEAOKCCCCIGKIMGOEMCi@I]GKCKAWKKCECIAC?G?o@CGAEACAC?CAe@]_@UWMEAMCU?CAY@E@eAJc@Da@DSBC?C?E?AACACAAACAEGAECGAEOi@GWEMCICGCEGGGIGCECGAGA{@IeAKc@Em@EMAG?I?G@G@KBGB[HkA^sDhAs@Ta@LE?AAC?AA?AA??AACI_@CIAE?AA?AAAAGAC@E@QLKHIBIDQF_@J[FS?O?WEQEOIQOKKKSo@iAIOWe@Uc@QWEGCCCCGCIAQESEWG","2022-04-11 02:24:29","2022-04-11 02:24:29"
1022,2,64,"_oapEqbhuXA?IXKd@CJABCBGHGFIH","2022-04-11 02:24:29","2022-04-11 02:24:29"
1023,2,222,"{papEa_huXDJ^h@bA`B@D?BABADCDKNOX_@n@c@v@c@r@","2022-04-11 02:24:29","2022-04-11 02:24:29"
1024,2,2064,"{qapEisguXJLFDBHBF@H?HAHAFCHGJ]n@INMTSZOV_@p@GJe@t@A@U^?@OZGPCLCN?@ANAL@N@L@LBF?DDNJTDHDFNTLPd@j@r@x@\b@JLHJLPDHDHBDBBBJBFBJBFJj@Fb@Jv@L|@Lv@L|@Hl@NdABNJt@FZBPDN@FFVFNDN\v@Vn@z@tBDJDFNT^l@`AvAlAfBHJLJJH\RTNJHFFDHDFDHHRZt@Zv@h@tAw@l@gAp@\~@LVFLFJJHRRb@b@b@b@LHFBB?@@B@@?H?|@CL@H@F?JBFBFBDBZVBBXXDBFBJFPHZJJDHDB@BDDFFLJRRXBF@DBF@H@F@DV~@DJBHDHHLl@x@z@lAl@x@Z`@LTl@jA","2022-04-11 02:24:29","2022-04-11 02:24:29"
1025,2,115,"uc`pE}iduX[Xa@\ONGJKLKNKNELABCJEN","2022-04-11 02:24:29","2022-04-11 02:24:29"
1026,2,3109,"ah`pEmdduXlBl@^JNFDBHBBBBBDDBBBDBDBDBD@D@FBD@JF\Jf@N`ALr@Jj@@BBH@DBDBBBDBBBBD@@@B?@@D?B@D?LALCD?DAD?B?@?B@D@B@BBBBBB@BBN?F?JC\?NAH?F@H@F@DBDDD@@DBD@B?B@HAFALCHAJAFAB?F?F@B@B@FBFDFDDFJNJNJRFLJV@DHR@FBJ@B@H@F@F?B?FADCFABCBCBA@EBC@E?G@G?G@A?Y?I?C?G@G@EBEBC@CBCBKLIJMPCDEDILIL?@EFABCFAFAF?F?F?D@F@DDLFJDHBFFHBHBD@F@B?F@F?FAD?DADADCDCFEDADKJKJSPMLIFKJEFEFGFCFGHADCFKVITKXITINAFCBABA@CBCDCBCBCBOJo@b@gAt@o@b@CDIFEDCDABA@CHAFABAD?F?D?H?D@B?D@FBF@DBF@BNf@Zz@HVBNDPH`@BJBNBR@N@L@N@n@F~BBr@JjDDfBBZ?TBX@JBl@BZDl@Df@JpAHx@RpBFh@@NDZFn@LnA@R?J@H?L?JAX?N?@AJAJ?JCJAHEXWpAOx@o@`DCH_@pBc@xBENMt@CLGZIZAJMn@I`@I`@AFI^AFGZITIXABGPELADABEHEHCDGJKLIHGHk@n@IJQPIJOPKJGJEDCFCBABADAFAD?F?F?L@J?BBPBR?BDR@F?F@F?FAF?DAFADADCDABCDEDEDKDSHA@MDIDED?@CBADCB?DADAD?D?B?B@HHTNb@DLBL?JAJCJEHEDOJe@ZEDEFCDCFCHAF?L?J@P@b@@^@d@@D@LBL@F@@N`@?@R^@@Rb@","2022-04-11 02:24:29","2022-04-11 02:24:29"
1027,2,5,"cq`pEqy~tXI@","2022-04-11 02:24:29","2022-04-11 02:24:29"
1028,2,6085,"mq`pEoy~tXE?Q?A?A?ECECCCCEEGCKCIYeACGU_ACUCQAM?O?M@I?A@IBMDODQFU?ABOBI@I?C?K?G?KAGAACKGOEIEKKQAEEIGIIKIKKIEEEEKKIGKIOIKKQMOKIIEEAAQQSQIIEEGIEIIMEKCIO[CGCGGMEIEEGGEGGEGCKEICCAEACAE?C?E?c@Bc@BK@QBQ@A?i@DS@C@YBE?K@I@S?m@BS@Q?[BWB?@M@WDMBI@GBGBG@A@MDOHKDGBGFOHMHEBSLKFKFMFMDIB]HC@c@Dc@DE?MAOAG?O?K?c@EWEMAKC_@AKAMAUAc@A]A[?M@SBO@KBKDGBGFEBEDEDEHADCDEFCHCFCJCFEZId@CREPAH?@CFEJEHIL?@IHKLGFCFAFABCHAH?BAN?N@H?BDLFHDF@@NPFLPVNNLLFHFJBH@H@@?L?FARCNGNELEFEFGJGFo@l@A?MPIJCBm@z@[b@QTABOPQTKJEFEBIDIDEBGBE?E?EAE?ICGCIEGCAAIEQMA?UOEEAAGCEAGCC?EAEAGAG?M?K?Y?c@@I?Y?a@@A?U@M@K?M@I?I@MBQDKBMDGBA?CBGDGDCBEBABEFMNABKNKNMPKLGHOTKJGDIDMBKAEAEAEAGEGIGG?CGOEKAIAGCUEK?CGOIMA?IEGCE?E?E?G?I?A?I@K@UBOBKBE@C@IDEBCBEBEHIJGJEHGLABCHEJCJCDIVABCDCBEFEDKHMLKFGFUP[V]T_@XWNYRMFA@OHUJIBMBA@g@D[BKCMEMEKGOMY]OUIMCEQ[[m@Sc@Uc@g@eAUc@KWGKSc@EGOUAAIIKMKIKIKGKEGCGCEAC?MEMAQ?O?M?M@KBWHQF[Lq@XE@_@Pa@P_@La@ND`@Hd@BNf@fDd@zCJl@LbARrADTBNDRJb@Rr@FTLb@DT@F?B?D?@ADADCDC@IFKH]RSNEBE@WRQLIJm@h@CDEDCDEDCBCFMNIJEFc@`@[Z[ZSRSNoAfAIFe@\EBQHKBKBQBOBIBCBCBCBADADABAFA^A^CTCNSb@Uh@IPINA?KRKJIJ_AdA_A`AUTA@CBKREF?FG\Gt@G|@AJANE`@CVCTCNCHCHEJGJILGJMNCDC@EFSRIHKHSRILILKRGLONM^MZCLCHKXIPABGJABCDGFA@IHC@A@IDEBC?E@E@C@G?E@I?IAM?QC[Ek@I]EGA[EOAKASAK?O?O?G?G?I@K@K@[DA?KBOBQDIBK@i@LKBWDO@O@I@iAFe@@c@?]?m@?SAOAOCSEUGA?i@OUEMCSE_AMs@IMCEAICEAKCIE[KAA_@MKECAEAC?A?C?CACAICOEe@Qa@OGCy@[_@OgAWe@Ka@Ik@Ew@ISAUEe@EICSEICCAQGKCQEKCICI?KAG?GAK@I?I@A?O?Q?U?Q?g@Ac@AG?KAc@AA?_@Ak@?","2022-04-11 02:24:48","2022-04-11 02:24:48"
1029,2,175,"g|gpEem|tX?U@S@G@]Ac@A]AW?Y@M@KFk@@S?Q?QAKAK?ACIIQ","2022-04-11 02:24:48","2022-04-11 02:24:48"
1030,2,573,"k|gpE}x|tXi@NSFE@UJq@ZoAj@[JEB]FSB[DgDVc@DWBe@?gA?QAc@Ac@AA?mA@C?_AJUFa@Jc@P","2022-04-11 02:24:48","2022-04-11 02:24:48"
1031,2,3041,"s{hpE}q|tXMJSJCBYREDEDUTCDEDUT[ZYZUV[VQRKLIHQTOPOPEDCBKHEBEDKFGDGDE@E@KDKBC?IBO@I@C?I?M?KAKAMCCAKCIEICKGKGGEA?EEMK]][]USGISQCEMMMMMMMOKKAAMKOIOIUGMCKAMAM@M?A?MBUFMDC@E@E@E?C?I?GAG?GCGAGAIEGEKEIEi@]a@Uy@i@[Sc@Sg@UQI_@SQKaAe@_Ae@MGQK}A}@UMIGWQe@[]UOKIICCCCIEKGCCGCOGuAw@YOi@[KIYQECUM]QUMg@SGEKCICKCMEKC?ASGKEAAICKGICOIQGAAOEWKOGGEC?CCEEGGGCGEECECEAGCEAIAMCC?EAGAGCICAAKCUMKEMGECMEOGC?KE]IWIOG[M[O]MGC]O[OOGECYK_A_@e@QOIk@U_@OWMMGQIECYQWOa@Ww@i@e@]A?]UOKOI_@SQMs@[YMUKgAg@{@a@IEqAk@a@SoAm@MGQIQGq@Um@OUIeA[[Ig@OKC]Qw@_@QI{@]o@Wg@USGOCSCQCQ?K@K?SAOGSMUS}@}@o@k@[]EIAACKCK","2022-04-11 02:24:48","2022-04-11 02:24:48"
1032,2,5267,"yrmpEsr~tXACCO?Y?K?M@K@OBOFe@DY@Q@OAKCm@Ge@G_@G_@CQCOAK?GAG?G?G?I@K?M@M@G@GDQ@IFYHa@?AJc@VgATcABG`@mBHa@T_ABQDQBO@O@E?G?S?YA_@?M?WAQ?MAQCW?ECc@C]AYAW?M?O?K@I@G?AFc@Di@FaA@GH_AHkADo@?M?GAGCG}@m@SMg@aEG]Iu@]kCQsAQsAIo@_AkHE[QqAAM?AAGAI?M?I?K@MBUBQBQ@G@G@O@I?G?C@IAI?IAGAKEMEK?AIUe@aAYm@O]KUI]CMCKAIAK?UAW?uA?mA?I?K?SAKAKAKAKCMOs@Ic@a@eBMe@GWEOGKIWEKCI?CCEAKAK?I?K?I@G@K@MFU@KDOD[F[@K@K@O?M@S@_@?c@?E?q@Au@?KAWASAMAMCM?AEOISIQO[GKU]o@eAEGe@s@QYMUQYOUQU_@_@c@g@MMKKIMGIIOIOEGGMa@q@MOQQQOUWGIIMEKEIESCU?Q?I?e@@S?KBQBKBMDODGTe@DEd@o@Ve@Xc@L]L_@La@DO@KBQB_@JcAHo@LwANiADi@De@Ba@@s@?E?U@]@YAa@Cq@Co@Cc@Iq@Ga@CWCW?Q?U?E@U@[?QA[A]Co@ASEe@CWC]Mu@Mm@Ia@G]EWCOG[Mi@Sq@M_@U}@Qq@M_@Qc@Ua@MYQa@GOKSIQKMMOMSQ[[i@Q_@_@w@[s@c@gAQc@Wk@GSM[IWGWQo@AGIUUk@O[MUWa@Wa@KUCEGOM]_@eAO_@Ue@CCMUMQIKQYQWYc@KQGSEUCQCSAUQuCGcAE{@Au@?c@BkF?{@?WAWE[C[EWG]EOo@wBU}@K]GQEQGMg@_AYk@U[IMCGIKACGKIOGIAGM_@Y}@K_@","2022-04-11 02:25:57","2022-04-11 02:25:57"
1033,2,731,"epopEiyhuXVKJGLIDAJGJGDEHGPMHKFMHUFMDMDQB[@C@OB[Bi@@GJ{AHgADi@JmA@UDg@JsBJ}@N_AD[Lk@TsA@ELu@DS@Q?]?SCSEWCMCGAEGMIQIKOQKKIGMGA?q@Y","2022-04-11 02:25:57","2022-04-11 02:25:57"
1034,2,18452,"ojopEidjuXo@Oq@SQGMEw@UECC?_@QYGOEKEKG_Am@UMGEKEECA?ECECIEAAKGGE]SAA[QQMMGKEIEMESEc@MICEAEAEAi@O]IKC_@M[Ma@Qk@Uu@[SI]OUMMGIEUOYUCAEC]UYQKEKIGCGCGCaAe@QISMMGIEOI_@Oe@SYKYOUMkAo@m@YIGg@WqCwAu@_@WKSIa@Oi@QOG_AYaCw@a@OWG]MSEg@OUGKCKCIAMCG?KAIAK?K?K?I?I?I@I@K@UBG@IBKBG@KDa@Lc@PODUF_@JWFSDcARYFK@A@K@Q@G@M?O?K?O?MAQC]GYGy@QA?a@I]EUCUAY?{BEwAAQ?IAU@a@?c@AW?mB@Y?{@?{@@MAM?UCgAImAKg@Ei@GSCKAA?SE]IEAOGo@W[OEAa@We@[ACOMGGCC}@_As@u@s@u@a@_@YSQKIECAMEGCICICEAIC[Iy@SyA]wA]KCMCQCS?M?KAs@@G?IAK?QCQAMCSE_@IWGAA[Kc@SA?o@WMEKCUEWAMAS@cABU@g@Bw@DW?K?M?[CkAGgAI]CYA]CYCQEQCMCKECAQG_@Mg@Qe@Q_@OECSIiAa@a@OYKm@UIEmAa@wAa@a@KME_AWi@MKEGCMEMGk@SSIa@Mc@OaA[cAYaCs@{@UCA}@WWI_A]e@Oe@Oo@Uu@YWIcA_@a@MIC_@Ma@KWIk@SA?OG_@O_@OcCcAg@Sc@Qy@[?Au@Y[OOGGCKGe@]WUs@i@MGECGEi@Se@SWKKE[M]Q[QOKUQIG[WIGm@a@EC[QSMCAIGSQKMMMAAMO]i@]c@k@u@AAEGW[i@s@e@k@IMUYs@}@k@u@IMuAcBm@y@SUEGOSUWMQOOKKQQWUYUe@]{AaAcAq@uA}@_@W_BcAECi@][Us@e@y@k@QMMIu@e@]UIGCAMI[Qg@QgBi@OEgA]o@S}@YQEg@MUEWEe@EQC{AKe@GSGMEKCKESMCA]S_@]a@a@QQKMSUOYO[Mc@YaAY_AQi@M_@CGc@kA]_AKWQc@OW?AOSGIGISQCCYS?ASQGGGEIIEGMQEIEICCGMWk@_@w@]u@Qa@_@{@m@qAAAWk@KSGMYa@SUaAeAKMs@s@CCs@s@GEc@c@KGy@y@i@g@A?e@e@SQ{@y@OKg@e@OKQOOMe@]c@[ECGE{@k@IGw@g@q@c@SMgAu@SMuCoBs@a@OK]UiAs@OKKEIEICKESGMAIAKAMAq@?e@AW?K?c@AM?UA]AYAYCIAMCc@GGAa@IuBYaBUeBWICuASo@Ko@Mq@SQEKEiAc@WIo@U{@]ICaAa@ICGCg@OA?m@UiAa@KCgAc@MEQGSI]OUMKEWOc@W]Qe@Yy@c@_B}@ECg@YSM[UOISO[WAAWUYUSQGGOOSQGE_@[SQi@_@WSMKGEUQOIIEg@SWEQAS?Q@A?c@Dc@HC?]D]@e@G]KOIOIa@_@q@w@CC]a@OMSMUKQEICWC[Ga@Kq@]YMc@YGEYWKOKOISCMCKKc@SkA]uBCIEYCQC_@Cc@?g@@{@DiABw@FyAFoB?q@?YEc@CUI[IWGQKUWc@QUm@o@AAY]A?qB{B]_@KMWWEGKIIKGIWYOOAAAAOMSKSKQGKEGAIEk@Ee@AE?kB@e@@uBDg@?E?}@BK?S?U?k@@Y?[@W?I?qAC{AKuCWeAKGAgBQQAIAQCOAMAQ?M?O?W@K@KBMBQBwBj@[FKB]B_@@U?SAe@E_@Ig@OSGa@MGCOEYI_@MuAe@kC_AuBq@iA_@EA[KgA]mBm@wAc@AAUGm@SSIMEIEICi@UWIYKGAIEWIUKA?YKGAGCYGSEOCA?EAG?QAM?I?K?K@MAKCGCGEEGCGCG?K?I?G@C@I@GDOFUFW@E@CDQ@M@I?I?IAKCKCMEGEIGKIGECCCCACCOIYOa@Se@Qe@MGA]Ig@MQGmA]UIa@MAA_@KWIw@Uw@S]IqA[sDkAi@Oa@KgBg@a@KeBg@iCs@kA[ICWIcAYcA[SGi@Qs@SeA[iGgBqCw@aAYcAYYKmA]eC{@GAi@OOEg@Mc@K]IWG]IYIWG[K]IUGEA[IKCe@KYGUGWGWGYG[GUGUGa@I]IYIq@Qw@Qk@MQEMCIAOAa@AGAOAK?KAA?IAICECEACCEEIGGGGIEGEEIGIG_@Wg@[_@WSOSMYSUOy@i@OKECIGKIGICCCEEIEGCGAAAEAGAEAIAKAM?Q?M@M@KDSHYBMDMHYDO@E@G@G@G@K@K@K?C@O@Q?[BoA?e@@o@@e@AO?ME[CMEMCIEICEEECCAAKIEE_@YSQ]YMKKKSQKKWUWYm@m@o@q@y@{@OOWWOMSSOMYUWQOK_@WGEk@a@c@YCAcAq@qA{@CAMIOIQIQIQIKGUIUMUKa@OKGSIk@Ww@[WMu@[SKOGQGICGCKCCAIAQ?U?S?W?K?E?QAMCKCICIGKIOOW_@W]Ya@W_@q@_AIMSUEEOMUKk@[KIKEg@W_@SQKKIKGk@YGEYOMGMIMKk@i@c@a@SSc@a@]Y]WKIKIMMQS]i@Y_@IKECCCIKKIII[WOQKKEKGOKYMg@GQEIEIGICEKMKKKKOOA?MOa@e@CCMOIQGUASCW?W@S@SDWP}@@EBMBU@Q?KAO?GCOc@gAMYGKIMa@g@GIOU]c@EGIGIIUQkA}@MKUQa@]_@[EEEESMMIAAOIMGSIKCMGMCKEcA[KCUIa@Mk@QMEKEQGUK[OGEQKe@[EE","2022-04-11 02:25:57","2022-04-11 02:25:57"
1035,2,2563,"_njqE}ozuXQOUWIOGQIUG[CKAOAOAQ@M?MBOBWT_B@MDSDODMDKFSJSFMT]Vc@PWFOHQDODM@M@ED[Dg@JaAF{@Hs@@U@Q@K@SAC?K?M?IAK?KE[Ks@CUACCOWcBAKE[CSAKAG?G?E?G?K?G@K@SDUH_@Jc@Hc@F]BQ@O@I@K?M@M?[?q@?{@?w@A_A?I?eAA}@?y@?q@AM?G?w@AS?UCQAQCSAICUAEIg@G_@Kq@Kq@G]AMSqAKm@AEAE?IQiAIc@EOGYEWEKCKCKIWOe@W_A[iAg@yBAII_@ESg@wBKi@Oq@S}@I[GWQi@Og@Oa@IQCEKSGMMYYe@k@_AU_@o@gAk@_ACCYg@[g@OWEGMUU[MUW_@IMKMKKGGSQ]YEEIEKMOSMQWa@CEMQKKMOYY_@c@MOe@g@WYAAUWUUw@{@KMKMGGEGEGEIGI","2022-04-11 02:26:19","2022-04-11 02:26:19"
1036,2,523,"ktkqEsi_vXC?C?AACACAAC_@c@[c@KSIWAAWsAS_AEQGa@ACCMGYCIEQIQEMKMQUEGW_@Uc@Wk@KWQWSUQUUWYWIGGEc@QKCSGi@EWCKAMG","2022-04-11 02:26:19","2022-04-11 02:26:19"
1037,2,21374,"eglqEkb`vXA@C?C?W?WAO?MAKAGAICGAIEKCWOo@[m@Y}@g@WOGGOKm@c@e@]KGk@_@c@Ya@[GE]UMIm@c@c@WeAq@cAo@[S]Ui@]CAw@g@y@i@k@_@}@i@YSCAkAu@oAu@m@_@}A{@iDmBmBeA{@e@uBiAy@e@yBmAEAOKw@c@QKs@_@kAq@{Ay@sC}AcB_Am@[i@[q@_@qAs@mAq@[QoAs@k@[o@]eAk@uAu@s@a@GEGCg@YAAa@SqAw@[OQMUMIEYQi@][UGEWQm@a@OMKIUUIKIKGGGG_@a@[]MMIGUWGIW[[[WSSQYSQMIEWOMGa@Qo@[]OKGSMEEUQOMOOYY]c@EEg@m@UYMKQOEEGEIGMGQIMGMEOEGCGAKAKCG?IAG?IAK?G@I?M@M@G?_@BK@qBPK@G@Q@U?C@I?YAUASCSCICMCOEOEYIkAc@]Oq@Ug@S}Ak@CA[M[KaA_@c@OMG]KGECACCGCCCGEEEAAGGIICCEECAGCCCa@Oe@QsBy@_A[UK]M]M_@O[MUIUKOI]QCCSM_@]y@o@WSGEIEIEUKa@QSIQGSI{@[]OOEGEEAECEECCECMQ_@a@WYg@m@WY_@c@IKGEGGWQUOKEa@Uu@a@WMAAQKOIc@YMIGEGCCACAEAEAMEWGEAA?KCKEOGIEGEm@a@QI]Qm@YGCa@ScAe@]OwAq@MGa@SSKUSKICEKSCGCGACIYSq@a@kAOc@O]AEM_@IUGSCOGQGOCICIEICGCGGIGKGKSWOQMOAAOQMOMSEGGKIQGOEMGSGMEMKa@Oe@Mc@Kc@IUGOEMEKCIEGGIGKGKGGGEIGKGGGKGYQOIIGWKGEGAGCGCGAICCACAMCUGWIAAOC?AKCYIIEQGQGQIc@UEAa@Wg@[]UGE{AaAKGaAo@c@WGE_@Uy@i@MIUKIEc@SWIKE_@O]O{Am@gAc@c@QMGKGMIKGMIMMMMGICEMSIOIW_@yASm@Sg@Qe@CEO]Sg@Sg@EIqA}CsA{CYu@M[O[KQKSKQ[]QOWU]YOQMMIGIKIKGGGI[c@]g@KOO[IOS_@IQEMKSMW]q@O[Sc@Wi@Q_@Yk@QUCIEIEKEGCICCS_@GOEKGMEMEOEOCOG[AII_@E]ESAOAK?SAG?E@U@K@G@G@KBIPq@b@iBf@qBBILi@R{@BEF[@KBQ@I?K?Q?IAIAMAOCKCMEQGOCIAGIWUs@AAa@qAEOEKEOEKGQISGMEICGAAEGIOIMMSKMKQEKIOEMIQK[GQACACCKCOAICOCOAKCOEo@M{A?CCe@C[C[?ACSSsCAKCYEWIi@Ka@a@wAOg@]qAMc@Oi@GUKYCGCGM]O]Q_@U]y@oAq@aAk@w@]c@QYYa@IMIMGKIOSg@[s@e@eAO]ISIUEQGUCGCOAKAIAOAKAQ?G?U?E?G?S?MBSB[?O@EDm@@O@S@e@?I@]AUCoCAg@?aAAi@AS?k@AW?OAMAMAEAKCOCKCMCECGISCEUe@m@oAO[e@}@Q]IKQ[QWe@o@GIIIW[EEEEQSkBqBa@c@MO[_@QUKSOWMYQ_@Qa@]cAYy@M]Ma@Oa@Ug@GM_@q@QYGIa@g@q@y@OSe@i@e@q@e@u@Wa@a@g@a@e@cAoAu@_Aw@{@YW}BoBQQOKeA_AqBcB]YCAy@s@kAaA}@w@o@i@iAaAeA}@w@o@cBsA[WGEk@e@SOeByAWUGIGECCGIe@i@IGKOGIQYMSIM_@o@u@oAi@{@U[SUYYQMMKIGGCKGUM_@SOKGGKKECEGEGIKKQGOCGEICIEKGSCMCQE]CU?[?g@?E?K?Y?_@?]?MBoBAaAAq@Ao@?EC}@?Q@Q@M@WBWFSDQDOBIDMDMDKFODODMBI?ADO@CFO?C@GBMBI@IBKBYBK?CBW?Q@Q@O?W?S?YCg@AOAKCOAQCQEOAKCGCMCKCKEMEMCGCGGOIQGMGOGKISGKGOGKMYMYKSO[KSOYISMYKQEKMWO[KUKQKUEKs@yAGKACCIEGCGCCCGCECEEGCEEEEGIIGIEGEEAAIGKGEEECEGECCECCGC]M_BgACAIGIGQKMKMIKGOKKIKIMIMICCw@g@m@c@k@a@c@YGEcAo@a@[iAu@w@i@ECsDgCMIUQsA}@GGGECCQMKIKIUQYWIIUSWWSSWW?AGGa@a@a@c@k@q@ECs@y@a@_@GGgAoAUUW[GEIKIMIMOUEKEKEIUi@IQ?EEKEKIUCOEOESAOCSE[Gw@KeAKgAEa@[yCIu@QcAAICIEKIMKMGGGGIIKIUMeCgAqCmAOEc@O_Cq@iBg@_@MMGSIQKGEMG{AcAoCgB{CmBa@W}@k@KIYQOK_@USOQKIGIESQKI]WWS[YKIEGGGKOIOIKEKCGCGGMAEACEKGKCECEMQIKMQGGIIEECCECCCIEIGMGOIUKa@SMGKEGCICUGYIOEOEGCECSMOKKIMKKIUSc@]QOIIEGEECCEKGMKWIUQ_@GMIMKOKIEGMKWU]]OUQYM[MUS]QUKMKGQIYOk@Y_@OQGa@KcAUOEOEIAMEEEIIGISY[a@GGGEQMYS[QECGEQIEAa@UMGMIi@a@iA_Ao@q@IIwAeBOQg@k@U[MQKUSg@Qg@EKMWMUKOIISUUSOKQI_@S]OMG]QKGKEECSKSK_Ae@uAs@aEsB}BiAc@Uk@YSKw@e@}C_Ba@Ss@]e@UOI_@Q]QAAa@QYOe@UaAg@QIUMIE{@g@GCw@_@GCc@UOIa@Qw@_@{@c@oBaAMIs@][QICYOm@[YO_@QGCCCcAg@ECi@WUM_@Qo@[QKUMIGECEGCECEACKU]_AIQCEEGEIEG_@]q@o@_A_AIICCCGKSMUKSIQEIGKKMCCEEGGGECCGCIGaAe@]Sc@WgB}@SMKGMKMMOQGIGGECECGEGE{@g@cAm@s@c@SOKGGEIEuAy@GEw@e@SKSKUKWMIEMG]SGCa@W_@Uk@[{@g@SMKIIIGIMO]g@q@aAKOIKKMGEGEEEIEWMOGe@UIE[MgAg@GEIEEEMIQQUY[]EEW[OQKMo@u@GKEEEGCGAECCCMGUO{@Kq@CKKo@Ic@?EIa@SkACIG_@GWCOEKEOEKAEACEECECEGKKMGIUY_@e@cAqAGGY]OSIKGIGOMWg@gAGKaAuBOY[q@KOIOEEEECCII[QCCQIMIC?IGu@_@OKOGe@YYMCCMEQISKQKUMOIUMQIUMUMIGIIGGIGIMIKMUCCEIGMCK?ACICOESESEWGYGWEYI[G[EWGUCMKUWm@CICGIOKYMYM[O_@O]CGKWAEEGCGEIMQMUKQOSQWGKCEEEACACCEAEACGSAGEKEQCGI[IYGWGUG[EKEQKYK]Ma@Ma@Oc@I[AAEMEMGSMa@EKOg@?AK[Og@IWM_@IWGQM_@ISISGQIQGQKUEMGQCQEWE_@E]E[Gg@CM","2022-04-11 02:26:19","2022-04-11 02:26:19"
1038,2,1505,"wefrEi{|vXKu@QwAGi@Io@Ig@?EG]OgACU?AE[CSMaACOASCS?IAQA[A[AW?K?Y?}@?a@@sA?o@@_@@SDk@?MB]Di@@CXaE@MHcAHcAFw@D]HWFSDIHMJMHIFIHE`@]HIJIZW\YLIHIRQLKLIf@a@rAgAbA{@RQd@m@^g@^i@j@w@NW^i@X_@T[V_@NSHMLQV_@p@_A@C~@sABGl@{@j@w@","2022-04-11 02:26:36","2022-04-11 02:26:36"
1039,2,89,"mgerEgp_wXSe@Yw@i@eA","2022-04-11 02:26:36","2022-04-11 02:26:36"
